JDtimes,observed fluxes,observed uncertainties
60.13058799999999,28800.0,6.28
60.151020000000244,29300.0,6.28
60.171452000000045,29000.0,6.27
60.1918840000003,28400.0,6.27
60.21231500000022,27700.0,6.27
60.3962019999999,28000.0,6.26
60.41663400000016,23500.0,6.26
60.43706599999996,18000.0,6.26
60.457498000000214,15500.0,6.26
