JDtimes,observed fluxes,observed uncertainties
55.594720999999936,27400.0,6.44
55.71731200000022,31900.0,6.44
55.73774400000002,31700.0,6.44
55.758176000000276,31400.0,6.44
55.77860700000019,30900.0,6.44
55.79903899999999,30400.0,6.44
55.96249399999988,21100.0,6.44
55.982926000000134,16200.0,6.44
56.00335700000005,17300.0,6.44
56.023789000000306,22800.0,6.44
56.04422100000011,27600.0,6.43
56.06465299999991,30100.0,6.43
56.08508400000028,30200.0,6.43
56.10551600000008,30100.0,6.43
