JDtimes,observed fluxes,observed uncertainties
55.24738000000025,16000.0,6.45
55.26781200000005,19700.0,6.45
55.288244000000304,25400.0,6.45
55.308676000000105,29400.0,6.45
55.329107999999906,30500.0,6.45
55.34953900000028,30400.0,6.45
55.36997100000008,30500.0,6.45
55.47213000000011,32000.0,6.45
55.49256199999991,31500.0,6.45
55.51299400000016,31300.0,6.45
55.53342599999996,30700.0,6.45
55.55385800000022,30200.0,6.44
55.574289000000135,28900.0,6.44
55.594720999999936,27400.0,6.44
