JDtimes,observed fluxes,observed uncertainties
56.73890299999994,15300.0,6.42
56.75933400000031,19300.0,6.42
56.77976600000011,24200.0,6.41
56.80019799999991,27500.0,6.41
56.820630000000165,27800.0,6.41
56.841061999999965,27300.0,6.41
56.943220999999994,31600.0,6.41
56.96365199999991,31000.0,6.41
56.984084000000166,30400.0,6.41
57.00451599999997,29800.0,6.41
57.02494800000022,29100.0,6.41
57.04538000000002,27900.0,6.41
