JDtimes,observed fluxes,observed uncertainties
65.48374599999988,30200.0,5.81
65.52460999999994,32500.0,5.81
65.5450420000002,32000.0,5.81
65.565474,31500.0,5.81
65.58590600000025,30900.0,5.81
65.60633800000005,28500.0,5.8
65.6267700000003,23700.0,5.8
65.76979299999994,30800.0,5.8
65.79022600000008,30700.0,5.8
65.81065699999999,30800.0,5.79
65.83108900000025,30500.0,5.79
65.85152100000005,30300.0,5.79
66.01497700000027,27800.0,5.79
66.03540900000007,26900.0,5.79
