JDtimes,observed fluxes,observed uncertainties
21.371629000000212,28700.0,6.81
21.392061000000012,28800.0,6.81
21.41249199999993,29800.0,6.81
21.432924000000185,31000.0,6.81
21.453355999999985,31800.0,6.81
21.473786999999902,32000.0,6.81
21.494219000000157,32100.0,6.81
21.514650999999958,32200.0,6.81
21.535081999999875,32200.0,6.81
21.55551400000013,32200.0,6.81
21.57594599999993,32000.0,6.8
21.596377000000302,31700.0,6.8
21.616809000000103,31400.0,6.8
21.637240999999904,31100.0,6.8
21.657672000000275,30800.0,6.8
21.678104000000076,30300.0,6.8
21.698535999999876,27400.0,6.8
21.718967000000248,22300.0,6.8
21.73939900000005,16800.0,6.8
21.759831000000304,16000.0,6.8
21.78026200000022,20800.0,6.8
21.80069400000002,26200.0,6.8
21.821126000000277,29700.0,6.8
21.841558000000077,30400.0,6.8
21.861988999999994,30700.0,6.8
21.88242100000025,30900.0,6.8
21.90285300000005,31000.0,6.8
21.923283999999967,31100.0,6.8
21.943716000000222,31200.0,6.8
21.964148000000023,31000.0,6.8
22.12760100000014,27200.0,6.8
