JDtimes,observed fluxes,observed uncertainties
63.44055400000025,14800.0,6.0
63.460985000000164,18900.0,6.0
63.481416999999965,23100.0,5.99
63.50184900000022,25200.0,5.99
63.52228100000002,24900.0,5.99
63.56314500000008,30100.0,5.98
63.58357699999988,29900.0,5.98
63.60400900000013,29800.0,5.97
63.62444099999993,29500.0,5.97
63.64487300000019,29100.0,5.97
63.808328000000074,27200.0,5.97
