JDtimes,observed fluxes,observed uncertainties
60.92743100000007,30000.0,6.21
60.947863000000325,30000.0,6.21
61.11131800000021,32100.0,6.21
61.13175000000001,31000.0,6.2
61.15218099999993,27100.0,6.2
61.17261300000018,21200.0,6.2
61.193044999999984,16200.0,6.2
61.356500000000324,32900.0,6.19
61.376932000000124,32800.0,6.19
61.397363999999925,32700.0,6.18
61.41779600000018,32400.0,6.18
61.43822799999998,32100.0,6.18
61.60168300000032,30100.0,6.18
