JDtimes,observed fluxes,observed uncertainties
52.24390799999992,12300.0,6.51
52.284771999999975,16900.0,6.51
52.30520400000023,21800.0,6.51
52.32563500000015,25400.0,6.51
52.34606699999995,26300.0,6.51
52.3664990000002,25400.0,6.51
52.386931000000004,23600.0,6.51
52.40736199999992,22300.0,6.51
52.529953000000205,32300.0,6.51
52.550385000000006,32000.0,6.51
52.57081700000026,31500.0,6.51
52.59124800000018,30300.0,6.51
52.61167999999998,28700.0,6.51
