JDtimes,observed fluxes,observed uncertainties
57.04538000000002,27900.0,6.41
57.18840300000011,30300.0,6.41
57.208834000000024,30000.0,6.41
57.22926600000028,29900.0,6.41
57.24969800000008,29200.0,6.41
57.27012999999988,28900.0,6.41
57.43358399999988,25800.0,6.4
57.45401600000014,19900.0,6.4
57.47444799999994,15500.0,6.4
57.494880000000194,17500.0,6.4
57.515311999999994,22800.0,6.4
57.53574400000025,27100.0,6.4
57.55617500000017,28700.0,6.4
57.57660699999997,28400.0,6.4
