JDtimes,observed fluxes,observed uncertainties
64.56430900000032,27500.0,5.89
64.58474100000012,28400.0,5.89
64.60517299999992,29200.0,5.89
64.62560500000018,29700.0,5.87
64.64603699999998,29600.0,5.87
64.66646900000023,29200.0,5.87
64.68690100000003,29000.0,5.87
64.70733300000029,28400.0,5.86
64.72776500000009,28100.0,5.86
64.78906099999995,31500.0,5.86
64.80949200000032,30900.0,5.86
64.82992400000012,30500.0,5.86
64.85035599999992,29500.0,5.86
64.87078800000018,26100.0,5.85
