JDtimes,observed fluxes,observed uncertainties
40.94516700000031,31100.0,6.64
41.00646200000028,32000.0,6.64
41.026894000000084,31600.0,6.64
41.047325,29000.0,6.64
41.067757000000256,23800.0,6.64
41.08818900000006,17900.0,6.64
41.251642000000174,32000.0,6.64
41.272073999999975,31900.0,6.63
41.29250600000023,31700.0,6.63
41.31293700000015,31500.0,6.63
41.33336899999995,31100.0,6.63
41.49682299999995,28900.0,6.63
