JDtimes,observed fluxes,observed uncertainties
48.545762000000195,9240.0,6.57
48.56619300000011,9780.0,6.57
48.60705700000017,28900.0,6.57
48.627488000000085,30500.0,6.57
48.647919999999885,30600.0,6.57
48.66835200000014,30400.0,6.57
48.68878399999994,30500.0,6.57
48.70921500000031,30400.0,6.57
48.729647000000114,29900.0,6.57
48.750078999999914,29600.0,6.57
48.77051100000017,28900.0,6.57
48.790942000000086,28000.0,6.57
