JDtimes,observed fluxes,observed uncertainties
37.390056000000186,15700.0,6.66
37.4104870000001,20300.0,6.66
37.4309189999999,25300.0,6.66
37.45135100000016,28400.0,6.66
37.471782000000076,28600.0,6.66
37.492213999999876,28300.0,6.66
37.573941000000104,32500.0,6.66
37.59437200000002,32300.0,6.66
37.61480400000028,31900.0,6.66
37.63523500000019,31500.0,6.66
37.655666999999994,31100.0,6.66
